{
    "metadata": {
        "last_saved_epoch": 78,
        "best_f1_score": 0.5976175027560723
    },
    "histories": {
        "train_loss": [
            0.6588956472335209,
            0.5576589484802859,
            0.50047236309009,
            0.46406940949795683,
            0.4375092816299705,
            0.41695026891723963,
            0.4008011470312172,
            0.38797510863678947,
            0.3774883219471304,
            0.36868207468851893,
            0.3611126981376716,
            0.31787582733744496,
            0.2764971889278687,
            0.2611440316418305,
            0.24879820555182836,
            0.23839244956114672,
            0.22936196920820368,
            0.22142807261417738,
            0.2145219025649075,
            0.20860725594753673,
            0.20341166677880607,
            0.19911533554276953,
            0.19545037922674977,
            0.19201236528193613,
            0.18910073443560863,
            0.18659779117242012,
            0.18425356525855824,
            0.18210880385288336,
            0.18012920546761949,
            0.17829900756367603,
            0.17655341278479322,
            0.17494936215443563,
            0.17342505380400577,
            0.172083444162694,
            0.170784933384602,
            0.16943751049697134,
            0.1683513111093069,
            0.16721248183881016,
            0.1682276208767388,
            0.1670224991299068,
            0.16606528400533443,
            0.16502522153539076,
            0.16417912356167988,
            0.163342219183739,
            0.1624738069314836,
            0.1616594250165867,
            0.16083608346300707,
            0.16007344278591348,
            0.15934066702494118,
            0.15862766810503262,
            0.15784528543743656,
            0.1572112518668529,
            0.1567036510510218,
            0.15603262074236351,
            0.15539132624333185,
            0.15488467187265054,
            0.1544928353993889,
            0.15395821422825595,
            0.15341875867096133,
            0.15297857123976477,
            0.15245780032155773,
            0.15201612073723308,
            0.1515394075376495,
            0.1512383401482456,
            0.15067057738863873,
            0.15112762790820927,
            0.15059485286474228,
            0.15019184973140706,
            0.1496369373523817,
            0.1492518038332551,
            0.14873535003385785,
            0.1484666890167198,
            0.14819480793171438,
            0.14793088208513133,
            0.14770220543353377,
            0.14757548320213718,
            0.14729095890254534,
            0.14711056646363696
        ],
        "val_loss": [
            0.38419535242278,
            0.3457054824664675,
            0.3355071793342459,
            0.33002749167639633,
            0.3273365612687736,
            0.3266233682632446,
            0.3263517223555466,
            0.32574057969553716,
            0.32498770006771743,
            0.32394699515967534,
            0.3231095476397153,
            0.2762501595349147,
            0.25637616915949457,
            0.24021798187288745,
            0.22759999447855456,
            0.21430962990070213,
            0.20472206288370592,
            0.19315369684120703,
            0.1850008448650097,
            0.18131560950443662,
            0.1743390441968523,
            0.16833646811287978,
            0.16749682703922536,
            0.16102512108868566,
            0.1613448072096397,
            0.1563946352950458,
            0.15436954529121005,
            0.15248940587043763,
            0.15204033491940333,
            0.14785128174156978,
            0.14614270719988592,
            0.14687449757395118,
            0.14354158629631175,
            0.14505038785523383,
            0.1406541542760257,
            0.1394547893055554,
            0.13828111167611748,
            0.14482596629652483,
            0.13965351859043384,
            0.14081337739681377,
            0.13637282036501785,
            0.13652828767381867,
            0.13369897100432165,
            0.132723077360926,
            0.13165033567568352,
            0.13077186942100524,
            0.13088911669007663,
            0.13019459263004104,
            0.12909022790604624,
            0.12866178365616962,
            0.12723274791035158,
            0.12678038169597758,
            0.12702134087167938,
            0.12605093542871804,
            0.1257095981774659,
            0.12864994231996865,
            0.1249568649920924,
            0.12314053835539983,
            0.1277694823926893,
            0.1221131447574188,
            0.12263835930618747,
            0.12202315628528596,
            0.12148351176031705,
            0.1210666093333014,
            0.1296932229707981,
            0.1234368462500901,
            0.12217121545610757,
            0.11942947794651163,
            0.11989561247414555,
            0.11852191362915368,
            0.11839779954532097,
            0.12010611146688462,
            0.11700182454339389,
            0.11856656984008591,
            0.11809843156872124,
            0.11703671797596175,
            0.11612299973594731,
            0.11709786278420481
        ],
        "val_acc": [
            0.0,
            0.0,
            0.0,
            0.0,
            0.0,
            0.0,
            0.0,
            0.0,
            0.0,
            0.0,
            0.0,
            0.008390875333778372,
            0.011888246829105473,
            0.012156573347797062,
            0.01053908466496996,
            0.022016692830023363,
            0.026122134199766354,
            0.0357779774073765,
            0.04630278522404873,
            0.037251100425567424,
            0.04585267335614152,
            0.07366475613317756,
            0.03866737681491989,
            0.060598930083861816,
            0.0453115547292223,
            0.059737658023197596,
            0.060128054854389185,
            0.06687650591413552,
            0.05536845351093124,
            0.07350200658169226,
            0.07579177836073098,
            0.06048865935831108,
            0.08583061921103137,
            0.05606779090871161,
            0.07661644562541722,
            0.09496480333152536,
            0.08952434626376836,
            0.04718834096503671,
            0.07013524543140855,
            0.06096351124415888,
            0.07678085754964953,
            0.06823544674148865,
            0.09469657459946595,
            0.08457269197471629,
            0.09109033398698264,
            0.10072016595043391,
            0.09062992192715287,
            0.0899854102344793,
            0.09439666299858145,
            0.08158899365821094,
            0.09501314252336449,
            0.11130022321428572,
            0.08462217201059746,
            0.08801699792431575,
            0.0898759869930741,
            0.07085531359521029,
            0.09064690420560748,
            0.11324907819801402,
            0.06781607247162884,
            0.10768586631133177,
            0.09289573598130842,
            0.09471737055657543,
            0.12286303613150867,
            0.10722855082818758,
            0.057515163447096125,
            0.0823245447054406,
            0.07950212914093792,
            0.09791300510055073,
            0.0940433598965287,
            0.11772206692256341,
            0.09853316792181242,
            0.08328581989527703,
            0.11603883302736982,
            0.09398651326769025,
            0.09103312880715955,
            0.09826614522488318,
            0.12365774809120494,
            0.14003762829606142
        ],